<?xml version="1.0" encoding="UTF-8"?><rss version="2.0"
	xmlns:content="http://purl.org/rss/1.0/modules/content/"
	xmlns:dc="http://purl.org/dc/elements/1.1/"
	xmlns:atom="http://www.w3.org/2005/Atom"
	xmlns:sy="http://purl.org/rss/1.0/modules/syndication/"
	
	>
<channel>
	<title>
	Comments on: Sample Page	</title>
	<atom:link href="http://localhost/simulazione1/sample-page/feed/?simply_static_page=214" rel="self" type="application/rss+xml" />
	<link>http://localhost:8888/simulazione1</link>
	<description></description>
	<lastBuildDate>Tue, 28 Feb 2023 13:28:32 +0000</lastBuildDate>
	<sy:updatePeriod>
	hourly	</sy:updatePeriod>
	<sy:updateFrequency>
	1	</sy:updateFrequency>
	<generator>https://wordpress.org/?v=6.1.1</generator>
</channel>
</rss>
