<?xml version="1.0" encoding="UTF-8"?><rss version="2.0"
	xmlns:content="http://purl.org/rss/1.0/modules/content/"
	xmlns:wfw="http://wellformedweb.org/CommentAPI/"
	xmlns:dc="http://purl.org/dc/elements/1.1/"
	xmlns:atom="http://www.w3.org/2005/Atom"
	xmlns:sy="http://purl.org/rss/1.0/modules/syndication/"
	xmlns:slash="http://purl.org/rss/1.0/modules/slash/"
	>

<channel>
	<title>Simulazione1</title>
	<atom:link href="http://localhost/simulazione1/feed/?simply_static_page=189" rel="self" type="application/rss+xml" />
	<link>http://localhost:8888/simulazione1</link>
	<description></description>
	<lastBuildDate>Tue, 28 Feb 2023 14:37:10 +0000</lastBuildDate>
	<language>en-US</language>
	<sy:updatePeriod>
	hourly	</sy:updatePeriod>
	<sy:updateFrequency>
	1	</sy:updateFrequency>
	<generator>https://wordpress.org/?v=6.1.1</generator>
	<item>
		<title>home</title>
		<link>http://localhost:8888/simulazione1/2023/02/28/home/</link>
					<comments>http://localhost:8888/simulazione1/2023/02/28/home/#respond</comments>
		
		<dc:creator><![CDATA[Alessia]]></dc:creator>
		<pubDate>Tue, 28 Feb 2023 14:37:10 +0000</pubDate>
				<category><![CDATA[Uncategorized]]></category>
		<guid isPermaLink="false">http://localhost:8888/simulazione1/?p=24</guid>

					<description><![CDATA[]]></description>
										<content:encoded><![CDATA[]]></content:encoded>
					
					<wfw:commentRss>http://localhost:8888/simulazione1/2023/02/28/home/feed/</wfw:commentRss>
			<slash:comments>0</slash:comments>
		
		
			</item>
		<item>
		<title>Hello world!</title>
		<link>http://localhost:8888/simulazione1/2023/02/28/hello-world/</link>
					<comments>http://localhost:8888/simulazione1/2023/02/28/hello-world/#comments</comments>
		
		<dc:creator><![CDATA[Alessia]]></dc:creator>
		<pubDate>Tue, 28 Feb 2023 13:28:32 +0000</pubDate>
				<category><![CDATA[Uncategorized]]></category>
		<guid isPermaLink="false">http://localhost:8888/simulazione1/?p=1</guid>

					<description><![CDATA[Welcome to WordPress. This is your first post. Edit or delete it, then start writing!]]></description>
										<content:encoded><![CDATA[
<p>Welcome to WordPress. This is your first post. Edit or delete it, then start writing!</p>
]]></content:encoded>
					
					<wfw:commentRss>http://localhost:8888/simulazione1/2023/02/28/hello-world/feed/</wfw:commentRss>
			<slash:comments>1</slash:comments>
		
		
			</item>
	</channel>
</rss>
